<?xml version="1.0" encoding="UTF-8" standalone="yes"?>
<addon id="script.embuary.helper" name="Embuary Helper" version="0.2.3a" provider-name="sualfred">
	<requires>
		<import addon="xbmc.python" version="2.1.0"/>
		<import addon="script.module.simplejson" version="2.0.10"/>
		<import addon="script.module.pil" version="1.1.7"/>
	</requires>
    <extension point="xbmc.python.script" library="default.py">
        <provides>executable</provides>
    </extension>
	<extension point="xbmc.python.pluginsource" library="plugin.py">
	</extension>
    <extension library="service.py" point="xbmc.service" start="login" />
	<extension point="xbmc.addon.metadata">
		<language/>
		<summary lang="en">Embuary Helper Script</summary>
		<description lang="en">Helper script to provide features and functions to the Embuary skin</description>
		<platform>all</platform>
		<license>GNU GENERAL PUBLIC LICENSE Version 2, June 1991</license>
		<forum></forum>
		<source></source>
		<email></email>
		<assets>
			<icon>resources/icon.png</icon>
			<fanart>resources/fanart.jpg</fanart>
		</assets>
	</extension>
</addon>
